cluster_0,cluster_1,cluster_2,cluster_3
1.338742294503845e-83,0.9999999999792664,2.0728915024937766e-11,7.103489281466554e-21
2.3069654937586067e-52,0.9999999342086049,6.579139887298776e-08,1.6845301275272018e-16
3.5558820525224254e-52,1.6671596640530843e-16,1.0,4.7880807495085586e-42
1.1899265886517125e-130,0.9999999995045812,4.954254752253316e-10,1.7442939214403214e-17
8.087851984534348e-245,2.9335511076377168e-09,0.9999999970664533,1.0437166436501389e-27
1.3699524943862362e-09,1.0142239244147308e-31,0.9999999986300452,4.155932847390184e-36
1.0937248852543393e-62,4.731947471343922e-08,0.999999952680356,1.7316492934350092e-13
3.4525829035227925e-27,0.9992086610448555,0.0007913389550802454,6.222918274781251e-14
1.1523245661721478e-35,3.818883927354936e-08,0.9999999618111567,2.167094307748351e-21
4.700878013002e-311,1.0953729735862878e-07,0.999999670665642,2.1979706446024868e-07
8.664493727809696e-50,0.9984551856315829,0.0015448134264682187,9.419464576704069e-10
1.905952753140425e-44,0.9984365236483801,0.0015634763516157951,3.0152372391691477e-26
6.123830515354168e-51,1.0553840019808717e-25,1.0,1.2131672240287897e-35
4.068342482682893e-60,3.455765471451786e-18,1.0,8.917383611821986e-41
1.1757137768270937e-162,0.020724606907872943,0.9792753930921282,1.2114275486872422e-17
2.504076702577253e-96,0.9999979009118936,2.0990881122159875e-06,6.318971032263296e-20
2.796856742070644e-57,8.100550840803448e-13,0.99999999999919,5.5703706855590706e-40
1.1261559731987571e-73,8.04208466206793e-05,0.9999195791533789,3.684326717052444e-36
5.144452672950316e-30,6.282276152243945e-18,1.0,1.5631006329710957e-39
1.4540486529842289e-99,0.07536683031070514,0.9246331696892998,3.991679969496082e-21
2.9054261878723306e-57,1.5812537141595408e-10,0.9999999998418758,1.7282433632496906e-25
6.779282954718288e-105,0.0006199138464431632,0.9993800861535601,3.650508577602565e-23
3.832960288161128e-24,2.8268491423155637e-13,0.9999999999997158,5.877619431747254e-32
1.1045133112209201e-84,1.0745246330370264e-26,1.0,1.0378262273240158e-26
0.0,3.2645370150950363e-14,0.9999999999999716,8.377338364257671e-40
4.28708981082061e-40,4.805885017038427e-18,1.0,3.604729883572112e-39
3.798645216309046e-83,0.9965923305113715,0.0034076694886262574,7.999302792570808e-28
7.766623027763401e-226,2.654599750447445e-28,1.0,7.709394687825124e-38
3.958424934779244e-187,0.9999998874342771,1.1249313588901293e-07,7.25936694812317e-11
0.0,0.9999999671020282,3.2897646983074784e-08,3.2026557966784177e-13
1.01159673348701e-248,0.995749832203842,0.004250167796154138,2.286269525868719e-28
1.2475975740577462e-98,0.9999998921848516,1.0781515285940754e-07,9.459404213931976e-17
1.1748328122911061e-266,0.999999999999531,1.9284046064918217e-13,2.796656529321295e-13
2.0310086175771948e-189,0.9999999982028669,1.7971374017151659e-09,1.4571641287861e-37
1.0666422247957712e-52,0.0006069621407897672,0.9993930378592071,2.7378870991785598e-18
6.131741295192584e-77,0.9999999999998153,1.883822946267706e-13,1.0800660915237898e-22
5.583935239179782e-52,1.7805973759256527e-18,1.0,1.7833389876341357e-60
3.169484571151452e-64,1.5210325988201837e-08,0.9999999847896676,2.2092030513513517e-54
3.1211469004679423e-57,3.1178644586030076e-09,0.9999999968821385,1.0253249760952113e-37
2.45060542638003e-73,4.800573674746349e-10,0.9999999995199431,4.485625980927007e-36
9.104780785944436e-62,0.9983773306077993,0.0016226693922009492,2.0328889872759826e-29
2.739996325387286e-106,0.9999999999982947,1.7005099607412478e-12,3.1968260643262665e-32
1.222520288998862e-41,0.9986130550827499,0.0013869449172499708,9.155505156149776e-23
1.312578508102339e-68,0.9999999999978542,2.1490588800509517e-12,3.643910723067728e-18
9.690008403099411e-194,1.0,8.469516371135158e-18,1.233920538994779e-17
8.709228822714811e-123,0.9999999999597691,4.0234956071974275e-11,8.342213759838302e-27
6.3049722038926e-47,2.2306268095306697e-16,1.0,3.150925958771249e-61
1.7148529169118218e-142,1.0,2.0290731941417814e-19,2.300331012554477e-18
9.749863878468231e-104,0.9999999999431424,5.686374942756162e-11,1.7008376709015103e-26
6.189409677330137e-85,0.9999853227421277,1.4677257873493127e-05,6.056424501594618e-27
5.453685683933389e-56,7.613990196399225e-17,1.0,6.24013735795609e-96
5.507025521797486e-74,6.4646121391781345e-25,1.0,1.2611530536139296e-97
2.28526388712332e-78,2.4226881285957198e-14,0.9999999999999716,8.704911580782596e-58
1.7059150581419768e-190,0.280751187759814,0.7192488122401836,1.2570959458346528e-35
4.163204729464808e-43,4.3058182723120554e-38,1.0,7.377577257074424e-77
2.6759986061025776e-23,6.826247537563449e-21,1.0,1.6139448405020816e-50
1.6689830149167481e-52,3.8870147944628484e-29,1.0,3.451335588951893e-97
1.4563431817169907e-100,0.9999994672810855,5.327189206128312e-07,6.063919176458957e-31
2.497803007e-315,8.825959295082265e-18,1.0,1.2364116642201723e-43
2.87465215733163e-107,2.4689693548688116e-36,1.0,1.0436548709304582e-65
6.355594779598776e-21,1.7807447723216858e-18,1.0,2.4114557151918375e-49
2.0726631622398433e-30,9.036045613737989e-06,0.9999909639543862,2.060376358684042e-24
5.891804671250762e-75,0.9999962239258862,3.776074117285051e-06,1.8005041195621e-39
3.405329626821404e-41,6.335544631338981e-10,0.9999999993664517,7.700142449638908e-16
7.303426599689147e-59,7.218981599086353e-29,1.0,1.3329061459359284e-47
2.881888165909628e-45,0.9995818592640964,0.0004181407358984058,1.3897979961611624e-27
1.0291858564997e-50,3.526413199772751e-10,0.9999999996473576,1.5457185773858197e-38
1.1340553494410076e-67,1.0740325779190607e-06,0.9999989259674263,6.544285474994153e-42
3.5799772890498e-183,0.007439736453681584,0.992560263546321,7.379716958046545e-67
2.6741689754293846e-54,0.3159340589562224,0.6840659410437777,1.8155476723654286e-28
4.355813763164068e-220,0.9999999999202771,7.972465711134397e-11,1.1569106462350106e-40
6.8899959170499705e-68,0.9999999999959073,4.09143455214837e-12,2.5218853102881526e-38
5.005616139306405e-48,2.268068484096561e-19,1.0,5.553345385075626e-64
6.287783647554342e-56,2.431837782645246e-05,0.9999756816221719,1.5661177637007233e-40
3.415822518494667e-48,7.136541736171834e-22,1.0,3.317083549077817e-54
5.3581683582196364e-77,0.9999998692819304,1.307180762501697e-07,5.373731650706934e-38
1.791719026574466e-230,1.0,2.4767359576817828e-15,8.169341242940262e-43
2.963912755200436e-37,3.117852285997372e-38,1.0,1.217413203856381e-29
1.8890811415391413e-91,0.00017449141423196688,0.999825508585774,1.252449723448557e-32
8.317044654264166e-142,1.0,5.726910891124421e-15,1.9640476584177076e-34
1.4042301522130488e-68,0.9999999949365304,5.063470977073111e-09,1.5804272622572274e-18
1.669255257519123e-62,0.9841827761079647,0.015817223892039028,7.261861915743196e-33
1.0283636472081282e-198,0.9999916626778814,8.337322124501877e-06,8.074077130477603e-32
1.8749319285613033e-70,0.0033841277337602884,0.9966158722662334,6.560926730896412e-38
1.2138637514207154e-44,3.2576863745502907e-09,0.9999999967423179,1.0235868964093805e-53
1.4405162450354288e-58,9.1520526856383e-08,0.9999999084794708,4.633757518472681e-40
1.686521808225453e-54,0.9864136317377347,0.013586368262271597,4.919879123019582e-16
1.1254814997955881e-126,5.067890819722591e-20,1.0,1.3020948341337628e-63
1.2456963577215784e-40,0.8184246197295674,0.18157538027043468,4.496315610012704e-20
4.8691766580252e-24,3.95490734805491e-22,1.0,1.2427494822720355e-41
1.987006372499337e-42,1.6988766048628866e-16,1.0,3.142210530592516e-28
1.0249147871089692e-29,2.7422020984437586e-19,1.0,3.312446051737879e-42
1.957809676382461e-77,1.0190075920189814e-27,1.0,4.147158955031893e-81
4.955126772694027e-104,1.1837203039855124e-20,1.0,2.5457190744757294e-42
4.286049474463489e-84,1.6328317078361304e-06,0.9999983671682856,1.3543732287509179e-46
6.03849499578945e-99,0.00030395749185387956,0.9996960425081415,1.3739427074574363e-29
2.7785026479200665e-53,0.0006207513073910258,0.9993792486926089,3.039347530538971e-24
4.774994723465254e-80,5.678948616844377e-13,0.9999999999994316,7.015520899870054e-36
1.1379245692790592e-43,1.4102915204144875e-13,0.9999999999998579,3.696859471857115e-63
4.236237780106756e-30,7.1586652720911325e-12,0.9999999999928377,1.1654698997582136e-58
3.2686497944001802e-68,0.0027765239220574143,0.99722347607794,4.0260705323550465e-38
6.29305685792604e-33,1.590013601230824e-31,1.0,1.1585734834398422e-52
8.071022815794972e-48,2.0677358518994582e-15,1.0,2.7163183983826123e-68
4.587703790591194e-56,1.0489923608201454e-25,1.0,5.4024590308811725e-65
5.781186540780604e-43,1.3852931188408073e-22,1.0,1.1218899026518886e-67
7.190852116020128e-135,0.9999999999348148,6.51892742631783e-11,9.253341780347803e-27
1.4908112196002711e-27,2.425562605575252e-37,1.0,1.283661336790947e-36
6.331971025620625e-64,1.4989201141789741e-06,0.9999985010798874,2.817056323631722e-21
5.3221024036708776e-135,0.9999999999999858,1.2461822259097423e-14,3.890204681321118e-20
2.5182418037194504e-33,2.934028190707518e-13,0.9999999999997016,6.576951870579169e-20
1.1970771072168874e-72,0.000587223273211396,0.999412776726787,5.226063021443534e-25
3.0884910959163736e-53,0.9991952372987389,0.0008047627012602708,4.7494478346833694e-23
2.023395397605705e-77,2.8184412697230852e-14,0.9999999999999716,2.3834752533728262e-73
0.0,0.9999999999991616,8.402555937948194e-13,2.4985508636499998e-17
1.1502914799432482e-47,1.1789892606941755e-08,0.9999999882101065,1.917464633372249e-61
1.3538510020198528e-32,2.517824663995497e-14,0.9999999999999716,5.533022417358981e-38
4.527969255490695e-55,1.3555998726988957e-09,0.9999999986443981,4.495529038440533e-36
3.0928917943666757e-52,2.134934801480172e-09,0.9999999978650607,1.810968305790516e-45
5.4122646918039884e-65,0.8874088446727937,0.11259115532720486,3.391237931826546e-30
2.005627968629388e-177,0.99999999672211,3.2778857857504694e-09,2.913903538540005e-47
2.1992530871175372e-101,2.1776796385812552e-38,1.0,1.4021535773151188e-70
7.033639091119867e-137,9.863424448136051e-05,0.9999013657555226,4.606043672074202e-63
7.395688022460442e-107,8.1400442087325e-10,0.9999999991860022,1.9808432338620748e-80
9.524094566698494e-189,1.0,1.3464736575834536e-22,6.3249065107390314e-43
4.336628239916826e-198,1.0,1.0487094146713608e-17,2.078089081178607e-49
1.5869712304651262e-139,0.9999999970546156,2.9453858403141305e-09,5.335604030000436e-61
8.24496112001829e-58,0.00016498276175581098,0.9998350172382507,1.8480424114569043e-42
9.306442518669546e-119,0.9999952133282499,4.786671747804053e-06,2.0616140341358363e-44
5.508393801517015e-65,0.08876528053125572,0.9112347194687479,2.3196520515417134e-41
9.940584376598066e-177,7.473953680511153e-10,0.9999999992526085,1.7696144805454568e-41
1.237034017466837e-55,1.94011963619546e-05,0.9999805988036428,1.978547792839561e-33
2.1627941697803788e-110,0.9999999997997975,2.0020092011105063e-10,1.0733128202902359e-65
3.7484853496707614e-16,5.147269626462944e-40,1.0,3.40465623791288e-24
1.1140480722672806e-51,1.3203560288768446e-15,1.0,2.08861811389062e-62
1.1400908642064112e-67,0.024746180642470965,0.9752538193575324,1.4148186291773904e-40
2.4906138708178145e-72,1.3010096244540577e-11,0.9999999999869829,8.784121923174343e-31
1.4874476221167651e-64,1.2640764267007486e-08,0.9999999873592316,2.699258389172719e-22
4.636750260772463e-192,0.9999999999986073,1.39454292946759e-12,1.9459530458178626e-28
4.2545683676079284e-43,3.3779999225396896e-31,1.0,1.6080837778473433e-31
1.6189592653777727e-47,2.078178865312315e-19,1.0,1.3665807617731993e-56
7.406296373857738e-71,1.2604196706061509e-21,1.0,2.2434534958924783e-59
5.090448224153123e-39,5.208795326462409e-72,1.0,3.1020875218162173e-69
3.4014458734815004e-81,2.3286086769938476e-35,1.0,1.5096035468892532e-76
1.689366076070389e-94,1.546361099920763e-16,1.0,4.802850842103996e-46
4.165180649754907e-86,2.4495489404201354e-14,0.9999999999999716,4.048165490789899e-29
8.683771644725759e-22,2.7094511777844906e-17,1.0,1.4488263218512256e-38
5.801124298510527e-78,4.471006849062786e-37,1.0,6.740710700105927e-49
6.813230108876207e-33,7.314703034815562e-27,1.0,5.338957026868053e-65
1.7688257501537214e-21,1.9870235148001188e-39,1.0,6.8750037453409426e-46
2.47313593288727e-20,7.546885848220198e-41,1.0,7.851261576300542e-60
3.802020026716736e-43,1.5242801973215683e-44,1.0,1.5803968054827086e-77
2.19364745218128e-97,0.9937194556327177,0.006280544367284077,6.053773402263037e-38
4.3922667893241954e-45,6.261190557725428e-10,0.999999999373884,2.7399714543940235e-36
2.2956240552960245e-91,0.9999999999997016,2.9677856518181214e-13,1.233662071964074e-19
2.1543263365530408e-162,0.999999941115691,5.888430971806053e-08,5.999633750414924e-23
2.9373817540457065e-92,2.50036210469135e-19,1.0,6.223013891864178e-53
1.4667074957751683e-67,1.3406602424760494e-06,0.9999986593397557,5.635701768395799e-30
0.0,0.9999999999973994,2.595167734481671e-12,2.115368086114756e-32
8.829649320295977e-92,0.9999999985819699,1.6103072801475938e-10,1.2570054070600272e-09
6.440236374808097e-34,4.239888855113335e-12,0.9999999999957652,6.593742940836606e-34
4.035742671241666e-31,3.0804626632662747e-11,0.9999999999691909,4.762822576016869e-25
3.9744627023502206e-47,1.5071016112765724e-19,1.0,1.2872920229795545e-36
1.0913099855886774e-73,3.000636257934936e-15,1.0,2.4954559005508325e-40
1.203012130152351e-93,0.9989852516262923,0.0010147483737108674,1.7128362755331794e-31
8.064554385143538e-123,0.9911041700899671,0.00889582990993494,1.0454878642393545e-13
6.603155667711813e-149,0.030850147467753754,0.9691498525322473,3.6363548305483515e-37
3.4962686387909165e-55,0.9923725875677069,0.007627412432298928,3.93576467488612e-24
3.892523007476048e-235,0.11400496003388735,0.8859922324827681,2.807483342029143e-06
1.4643290833909092e-52,1.114806479226259e-14,0.9999999999999858,1.837434092733745e-24
1.540063416075921e-36,4.095770633243129e-22,1.0,1.1497626719435344e-35
1.1296575578425681e-37,4.250884607720778e-13,0.9999999999995737,2.0192863587441523e-32
1.7464580967962382e-108,0.9999999810287508,1.8971243313738853e-08,6.9747974089391745e-16
9.274833349372566e-74,4.879887623460702e-21,1.0,1.5037322429243993e-55
2.4079579505004393e-47,0.999993990476194,6.009523807375083e-06,6.375509306320864e-25
1.1249791091806088e-82,0.0062900432620127626,0.9937099567379835,1.56876950916242e-27
1.4090327142646026e-13,9.419315525084894e-29,0.9999999999998579,4.1018206160488428e-50
2.0802515082709845e-31,1.388362457417405e-09,0.9999999986116421,1.0424132024161744e-44
2.4371525982742135e-47,2.7998718449732973e-14,0.9999999999999716,1.251932887861115e-63
1.7508432570042432e-17,1.894985077806339e-21,1.0,4.587296583407153e-44
1.541142578756162e-32,1.709058481189504e-28,1.0,3.4280212496479595e-69
5.507458810575372e-307,0.999999999995012,4.9836270885884176e-12,3.4619478760074177e-28
2.0513006399965458e-32,1.1976111768448872e-16,1.0,2.375488951752755e-53
3.855105277322666e-76,0.9999999999798206,2.01761975425718e-11,4.91015526074632e-21
1.0382839468199345e-29,0.9452204490461,0.05477955095389323,1.894052628219081e-20
7.940138923703188e-108,0.9999999993057003,6.943000717103402e-10,2.6625031588365935e-23
3.655128873426796e-103,1.0,2.099842997587857e-16,3.0510225527000918e-15
4.264508202888132e-58,0.999804834838236,0.00019512511696502164,4.0044794420432896e-08
2.221990935182339e-84,0.9684452437723545,0.03155475622763889,5.09917083248247e-26
2.3837730627341354e-123,1.0,3.9005672095835514e-16,2.3966566403169237e-28
9.121709316478261e-40,1.3511953979660098e-18,1.0,4.546798332391468e-50
1.5591598021947536e-98,1.0,2.552126832675469e-15,7.035371321167996e-22
1.3771989553187783e-146,9.189395654549291e-13,0.9999999999990763,5.2631072109827504e-42
4.431673618358722e-19,1.1372993829553691e-26,1.0,1.2985871331906631e-56
8.947735493712079e-37,2.9510712049634186e-24,1.0,7.621291129965985e-82
3.0276042994434295e-43,0.9993575735786262,0.0006424264213727272,3.0144450308950035e-18
3.691992294625504e-31,3.322655175523015e-27,1.0,3.899461788440591e-66
5.924393313910121e-114,1.0,6.304857609057464e-17,4.095940008387617e-28
2.6248661346210444e-67,0.9999999998694022,1.3059723776944715e-10,1.884837080711105e-16
4.197608015106161e-25,5.630783148019297e-20,1.0,3.3534485826399447e-84
2.281437189862695e-42,3.091409712370595e-09,0.9999999969085849,1.028588742142767e-47
3.364791743028771e-148,0.9999999999891713,1.0824423994909274e-11,2.0593377414014344e-38
3.0771499111342388e-179,0.999999994367414,5.632582004242852e-09,9.132599472806078e-31
7.681874183821141e-253,5.885425131900218e-07,0.9999994114574831,6.314260929476474e-38
4.5880515735333904e-89,0.0068282148567766375,0.9931717851432258,1.4392683803524614e-35
3.5339160740447763e-184,0.9999999999996732,8.73618764926079e-15,3.123386719633634e-13
2.8425477314168457e-78,0.999999696328519,3.036714829277066e-07,6.34472168479065e-18
7.154664837365747e-92,0.9999999980046397,1.9953532199193975e-09,9.4209258816602e-18
8.395639892910158e-124,1.2598228904628365e-08,0.9999999874017647,2.5040104418680087e-36
2.2499689596223956e-46,1.4465051632253002e-20,1.0,1.5970782915375215e-41
5.559971461768197e-39,5.088200556382964e-07,0.9999994911799506,2.132163977787922e-36
1.280200919871363e-107,0.9999979407180206,2.0592819810499475e-06,5.147336102203835e-25
6.074095133361411e-61,0.013975277957574436,0.9860247220424295,4.3365877765878537e-32
3.1753708377184565e-44,3.475495636729182e-13,0.9999999999996589,1.357101355180169e-36
1.7378168525086594e-49,1.1157370216929493e-09,0.9999999988842632,2.1550944555138163e-43
2.8503488912070947e-173,0.9999999970030871,2.996910014021561e-09,1.8262004537560537e-34
1.8904496836202222e-84,0.9999336492278191,6.635077217964585e-05,1.2411890836116125e-29
1.9349529379478807e-97,0.9999999999998721,1.266205715758708e-13,6.196081074337022e-29
2.5006920680744974e-29,0.0001194310619990603,0.9998805689379971,3.96008070726751e-26
3.1019262011903337e-47,2.5760411438123187e-17,1.0,4.209241080369813e-42
1.2820305702197231e-45,4.1630863951034093e-20,1.0,4.859569515627808e-62
6.450330201321602e-54,0.9424297366663036,0.057570263333690926,8.161005561871061e-41
2.4532878519500088e-30,1.3140889889080786e-09,0.999999998685908,7.687731128974583e-23
8.177920231425263e-222,0.0028398564655503678,0.9971601435344523,2.6793633733875294e-38
1.922054565953053e-147,0.9999999999949267,5.068950543064972e-12,8.69041176907695e-40
2.956217194784596e-70,0.9999999999822506,1.7756269291038513e-11,7.90798792418485e-35
3.062846775483759e-60,3.138653578296421e-05,0.9999686134642242,4.195703585687078e-25
4.8386890788626755e-64,0.9999999999943725,7.158042876705361e-13,4.905580764471023e-12
1.385588183521675e-148,0.9999999999996447,3.5006768908516333e-13,2.1320897486053243e-20
2.1125122136587935e-207,0.9999999999985931,1.4110845985487483e-12,3.7005087358910686e-30
1.27513373e-315,1.0,1.7950582328208283e-16,9.483300604117097e-30
7.766646641612165e-128,1.0,1.699693935130653e-16,1.6418586579873903e-20
0.0,0.9999995151895188,4.848104756632826e-07,2.068404699505399e-27
6.824858726543555e-29,9.747357049300985e-11,0.9999999999025277,8.699119576227259e-49
4.790304798072607e-50,1.1926101823964403e-09,0.9999999988073967,7.74850538325934e-36
4.453024902822775e-26,2.9168429492099687e-19,1.0,2.4998647285386874e-54
2.1898983829646217e-57,0.9999999898510907,1.0148907819181714e-08,1.6065074636552722e-30
1.3878111689075698e-149,0.9999797962625954,2.020373740259803e-05,1.4781302110405905e-41
2.8895556131712546e-270,0.8331553989055805,0.166844601094418,9.6104157000105e-30
1.0081289534163503e-68,0.9998001703611334,0.0001998296388630334,1.1607993883731782e-58
1.7480664441798978e-122,1.0,7.453956692249347e-17,1.3182438257314078e-16
3.707999704390495e-234,1.0,1.0740728127297394e-17,9.064073426566674e-43
1.7735478935017595e-52,1.5248349032324276e-12,0.9999999999984794,9.455858976068754e-56
1.6207354389249773e-270,1.0,3.303856313214122e-19,3.923310460838937e-38
8.408882546170911e-291,1.0,9.986239363426045e-19,1.0037561611597981e-37
2.7179477050212406e-39,3.877893100780442e-40,1.0,7.033218128798376e-64
9.55216319619278e-65,0.9999998392723897,1.5991255161635297e-07,8.150563176399972e-10
8.919281382812068e-67,0.9999999585958941,4.140411032637925e-08,4.52072735279987e-17
4.655297236521607e-50,4.801797146565621e-18,1.0,1.0771153739655051e-65
7.587777859969535e-26,7.544662670151791e-07,0.9999992455337297,8.999210270458945e-17
1.642692818137166e-56,0.8818262027513691,0.11817379724862821,8.628020103428213e-16
1.0488289521664166e-44,1.3121901046717273e-08,0.9999999868780947,4.847834076477403e-27
4.853381956498454e-30,9.961973981406745e-11,0.9999999999003819,3.0125545540479736e-26
1.590398570471054e-18,4.8491342936266616e-14,0.9999999999999574,1.4910039077957136e-34
4.09618012628616e-24,1.1933484808181528e-09,0.9999999988066577,6.858727412076553e-32
4.042335256649447e-68,0.00011112698002802566,0.999888873019973,2.1265043329813903e-18
3.500208307996481e-241,1.9892558673739454e-07,0.9999998010744149,8.58374650507699e-22
8.119340273130172e-44,0.9997234376215193,4.1916274505873836e-12,0.0002765623742908153
3.161506401331195e-92,0.9999999999316742,6.778392916687158e-11,5.481374239273428e-13
1.232032314652016e-40,7.823267908966855e-14,0.9999999999999147,9.245676173303326e-33
1.0538737626274265e-38,0.9997813821608978,0.00021861783910576845,7.5526356443423495e-19
1.4670958861386114e-29,0.0009640320808948234,0.9990359679191113,2.2404764993633527e-36
1.920497130342963e-45,1.4470786343449532e-12,0.9999999999985505,1.0858877547746198e-30
1.5938769026849525e-56,0.9999999932326915,6.767311884353301e-09,1.3232168482483967e-39
9.265468580012606e-09,1.2231925881313518e-24,0.9999999907345369,3.8488206231581265e-44
1.3452238793237657e-23,2.434116598671486e-29,1.0,1.0189731480757034e-55
1.6914887277688637e-25,5.079482343049916e-15,1.0,2.939550746872144e-40
1.713330876119529e-174,0.08334397466922065,0.9166560253307774,3.855043181462489e-34
1.6912256507056886e-37,0.9999685493131694,3.145068683330048e-05,2.8109111924814036e-21
8.842739430520353e-72,0.831994890033898,0.16800510996610823,1.2232276040573075e-36
4.488919648200106e-43,3.4201469212569586e-14,0.9999999999999716,2.9144857714789496e-64
1.996494572603446e-90,1.1759722415893475e-10,0.9999999998824052,3.0852976338026e-42
4.3338525160917867e-82,0.9546696855060867,0.045330314493906974,7.573585630370489e-32
5.708037008405429e-189,0.9999999960217423,3.978260614026655e-09,5.546665560984483e-25
5.4361714167774205e-74,0.9984197875257966,0.001580212474199979,3.625449398238831e-17
2.202286956317296e-59,0.9848983204704046,0.015101679529591364,2.8017024067582274e-16
3.718325851551822e-67,0.9999999880291881,1.1964705072397567e-08,6.106748554473744e-12
3.6855973799546255e-27,1.7715064089777238e-09,0.9999999982284891,1.1192433785767025e-32
1.0873016763613787e-31,0.0106111628536221,0.9893888371463725,3.2753749243424146e-23
2.195764081948852e-95,0.9999976952855703,2.304714434091401e-06,3.597487232272741e-23
2.781566269823357e-140,6.178344234464536e-13,0.9999999999993889,3.7789811417840853e-34
7.793032139729808e-88,5.639640878127645e-16,1.0,2.1184607050387634e-35
7.200122414997475e-90,0.9999906637019921,9.336298005630328e-06,1.2248763726596883e-44
6.117895621389089e-171,1.0,1.931015415661575e-19,4.9854667198136464e-30
6.775003665540694e-40,9.788696562098806e-64,1.0,3.820071187838021e-34
1.1892002522630496e-32,0.0018951596541268011,0.9981048403458683,3.3754225866873745e-23
9.250951188771919e-85,5.144094811901854e-10,0.9999999994855955,1.1978125926879282e-59
2.7909209421395354e-45,3.746438501731649e-17,1.0,1.0243474468933696e-50
4.230712795551985e-80,0.9999999999999716,3.113601405129989e-14,7.192409250303551e-32
0.0,0.9999999999999574,7.287792836389561e-17,4.872154396742839e-14
9.071035917673072e-76,0.9643322330641326,0.035207839439463616,0.00045992749640989876
2.6895999119310506e-145,0.9999999999998295,1.5689463529930474e-13,9.82697896738737e-15
2.27709787772298e-131,0.9999999999999005,1.0394775128153543e-13,1.247038499544826e-23
5.416671548055403e-300,0.9999999999999858,8.588566803080117e-15,4.124477341656456e-21
1.0637889408589551e-168,0.9999999999996021,3.927654360536171e-13,3.8270689024029723e-22
4.995505045617682e-65,1.6306460093296875e-35,1.0,8.910524079718503e-51
3.04288173678834e-181,0.8953209970645649,0.1046790029354287,2.8548610055244324e-49
5.550250871591899e-79,4.6237762932891346e-09,0.9999999953762284,2.078865084171907e-45
3.937361396421074e-35,3.5747777016642884e-13,0.9999999999996447,8.165530133342635e-43
2.848634825287924e-99,0.9999999873548546,1.2645140537190835e-08,1.7513021492913837e-48
9.462069553094051e-32,2.726589610434803e-23,1.0,4.100465543919517e-39
1.7001539799795596e-98,1.4445324242062978e-25,1.0,2.399669521272419e-66
3.622692531710002e-150,0.9999998927722005,1.0722780442468747e-07,1.2221250121557742e-31
2.406418740545113e-63,0.9981256924495803,0.0018743075504142552,2.1404676597808208e-29
6.173843130082729e-92,2.024822071866767e-06,0.9999979751779229,9.785309030681024e-37
6.255660389338458e-104,0.6825204053119548,0.31747959468804304,1.624999422052067e-30
2.3653220584680654e-25,3.8025546966461786e-07,0.9999996197445297,4.980934712038905e-28
6.171662470441931e-59,0.9999984027326116,1.5972673898981282e-06,2.551959821071752e-32
7.444954811309763e-47,0.9742421574038894,0.02575784259611596,3.573515036824245e-23
5.73078113131394e-46,0.9991837103566733,0.0008162896433129642,1.5428065739846656e-14
5.257414062889644e-42,1.5189683962107108e-18,1.0,4.1921584060161585e-56
1.5613738258708357e-22,2.7609984787646496e-31,1.0,2.5469689043890208e-46
8.095348300143854e-121,6.503551051700451e-13,0.9999999999993463,9.136450977912405e-40
0.0,6.154209788779261e-15,1.0,7.471454851901226e-33
2.1739015429573312e-51,2.132883585723978e-12,0.9999999999978684,6.411876106791101e-42
1.918573121112619e-40,2.3567177900529435e-12,0.999999999997641,4.7834906765684197e-35
1.7632539852185313e-63,0.9998422892373613,0.00015771076264235832,6.8532226457415265e-28
2.1395594368053676e-58,0.9972684785152672,2.4365660552686266e-06,0.002729084918677463
7.590756982460585e-103,2.9970115230847833e-14,0.0010442974602292822,0.9989557025397355
1.5642204416007463e-87,1.658243362451339e-17,4.3995320749320875e-09,0.9999999956004615
2.4258240997314377e-40,2.6052856901908817e-21,0.012575612631829465,0.9874243873681636
1.9358177171484477e-35,4.652390711913006e-25,0.999999999970413,2.958288179069258e-11
3.914348255933745e-42,4.568733620041499e-13,2.094333084634779e-12,0.999999999997442
2.909798816292684e-24,4.2536103448853804e-23,0.9999972475468376,2.75245315845278e-06
2.490397752394939e-51,1.4646088324299962e-07,1.824342309423885e-08,0.9999998352956958
4.468638484290706e-51,3.9530353636157346e-10,9.26053254878297e-08,0.9999999069993678
1.0019545841572646e-47,2.5359026542303139e-23,0.8412552232475307,0.1587447767524699
2.2115526419363576e-71,2.78279220163655e-13,3.511562930692862e-12,0.9999999999962057
3.9190393127515726e-199,5.676215415831795e-22,2.5306206001519674e-22,1.0
1.2566623591821443e-53,7.50459722665606e-15,7.122653509992209e-23,0.9999999999999858
1.1911526478331556e-36,3.818042015547138e-24,3.5238833071112906e-17,1.0
1.7118480764717823e-22,4.421788360209705e-41,1.0,8.483779387102651e-20
2.9984763370595302e-80,5.28233259300408e-114,1.0,1.900968446943797e-25
1.0603543534615456e-228,8.148855363162276e-28,0.9999999999999858,1.2866501828240788e-14
6.675961484596638e-142,7.461512965744876e-17,0.9999998147417161,1.8525827775791696e-07
1.3154504464429048e-233,1.3664953656679245e-09,0.9999994677862243,5.308472799755234e-07
1.5483546748658367e-84,1.1164468344682366e-48,0.9999971691105567,2.8308894439397494e-06
1.2785388793555129e-58,1.0019549884612976e-80,1.0,8.65492073973135e-23
0.0,6.38804208947317e-28,0.9999999972803835,2.719622706500251e-09
0.0,3.9044413247841333e-31,1.0,6.254827316642469e-27
6.026179223113722e-306,1.1306634380542763e-76,1.0,6.822323628135539e-24
1.1214238166670727e-175,7.642442926442852e-27,3.315159010601386e-19,1.0
0.0,5.590563447113328e-24,1.2112544187875419e-29,1.0
0.0,2.2271153856787084e-30,6.306109391834535e-27,1.0
1.7350138665998963e-107,2.5817681886732113e-25,9.617891535771811e-20,1.0
2.1719719857730607e-140,2.350230876419475e-56,3.340869608568669e-29,1.0
3.0124437422338774e-24,2.758979379519154e-10,0.9932688637418828,0.0067311359822184785
3.427606340495546e-54,9.10127752064331e-11,1.301167357741136e-10,0.9999999997788649
0.0,2.6685502191568112e-37,3.229831648517691e-29,1.0
0.0,3.1686118334842088e-50,2.918153940532194e-15,1.0
4.923343853290521e-217,5.23053822943907e-122,1.0,6.118710749628728e-124
2.8270222680129705e-301,2.4124198259281537e-29,7.985016397880305e-37,1.0
7.361172407006571e-133,2.748572576777302e-48,5.3855645345586795e-30,1.0
2.1740460967598785e-169,4.4134959429530246e-41,6.64527983590408e-42,1.0
0.0,5.163272310129625e-278,3.0337115048263665e-42,1.0
0.0,7.596014109937249e-25,4.952448687737093e-18,1.0
1.5487654700119004e-73,4.444849806738795e-119,1.176143329606967e-30,1.0
2.656772723138505e-123,6.9281542844798105e-28,1.7017078274241138e-26,1.0
7.624464789674053e-66,2.71045715618974e-100,3.80216977496261e-12,0.9999999999961915
3.679911915661895e-202,9.925202134651113e-110,4.4633498448556575e-20,1.0
3.323054102201041e-83,3.843508519796507e-31,2.6246361182504544e-21,1.0
2.2533663741246452e-131,5.608043690854727e-118,3.2119236901474635e-35,1.0
0.0,3.4933492927541185e-64,1.2312909555936355e-28,1.0
7.424486177457269e-216,4.665325721467906e-93,1.6260645401900345e-22,1.0
1.4613917580046198e-145,4.233595717734182e-45,5.783083645420004e-33,1.0
1.9024096086136975e-77,4.607107233623835e-56,5.346505806373725e-28,1.0
1.0246857248004908e-150,1.5628877866666925e-42,5.733980306604003e-31,1.0
3.567472516212312e-151,8.207795171666012e-48,4.9148167008864136e-42,1.0
4.645459221785544e-74,1.0458665798523225e-42,1.2679875960791245e-37,1.0
1.815773874816341e-63,3.7273102806974826e-59,4.9157166801273017e-20,1.0
9.42494909894007e-199,1.5951030951274095e-21,1.913403641762321e-16,1.0
8.148567634409174e-55,2.198782207085333e-17,4.174748401482649e-17,1.0
1.58432262860758e-36,1.7411310731514557e-16,1.4313453196879932e-08,0.9999999856865429
4.828020538886718e-59,2.330284059546577e-23,2.2332011532009705e-14,0.9999999999999716
2.2266321593487807e-196,8.433692009910062e-21,1.1779194941073066e-17,1.0
2.9741934798345883e-77,1.1402689244092263e-38,3.5454589482859816e-21,1.0
1.0471742304681198e-80,5.622205399911131e-41,1.1311022116406683e-21,1.0
6.178512810603494e-32,2.5571151062056954e-38,2.3216069223865633e-27,1.0
2.335651851391469e-23,1.2221367752525842e-29,2.3543232975014055e-12,0.999999999997641
3.337158433691447e-40,3.739135931625784e-18,3.6911642709714984e-11,0.9999999999630944
9.563402180555458e-23,1.0818262174828303e-23,0.26677470824617217,0.7332252917538209
1.6848178606396e-18,1.495172747656918e-21,0.9870411958846037,0.012958804115395448
4.0475813872870124e-142,6.781975055761932e-63,2.6603304764489422e-18,1.0
1.1082714038743765e-99,4.628594543732232e-37,1.6694619886231081e-22,1.0
2.5692456965839907e-11,1.6700316598261108e-17,0.999544540531093,0.0004554594432176455
9.812548112474604e-70,1.2591588391461664e-29,2.2515032264778805e-10,0.9999999997748432
8.126012136706521e-12,3.2760621460269936e-25,8.641162474304446e-06,0.9999913588293939
6.701543115493305e-41,1.7914457077976527e-21,9.044778559969635e-05,0.9999095522144008
9.589046695925049e-79,3.4997834833912857e-71,7.485672905071089e-38,1.0
5.272133699615593e-25,1.7192631404476306e-214,3.176450612750333e-26,1.0
3.198955991472566e-49,5.0491272323364555e-34,4.273913380849789e-22,1.0
3.463764937692013e-151,2.2523616901867468e-29,7.993276859640247e-05,0.9999200672314095
5.70869447891505e-54,2.3515351628462052e-177,1.9542905474158696e-24,1.0
4.7683634232063004e-89,4.3056952971114855e-155,1.8861342847276146e-41,1.0
2.1935743013053026e-84,2.0351070138437602e-159,1.0733339816543665e-43,1.0
3.484004523090225e-40,2.3008614901656394e-85,1.3861465204245604e-22,1.0
6.604232177177847e-68,1.4642809881627946e-184,9.745794615914728e-37,1.0
2.8231462197840906e-25,9.107230372875928e-33,8.255573110173104e-07,0.9999991744426918
6.566940796945715e-27,1.3079890128552281e-83,0.0056108391566479735,0.9943891608433486
3.92229274261388e-114,1.7006073479858976e-60,2.7944898303680164e-20,1.0
2.2685818933814747e-181,5.542698875295027e-75,1.687857886951745e-60,1.0
2.027778771739608e-115,1.137291187400967e-55,1.7303972449271598e-19,1.0
4.3506312741795807e-60,1.6895257290721726e-34,3.278428463729135e-17,1.0
2.0353877815326334e-35,2.4985474552009155e-08,0.008699700866554807,0.9913002741479747
4.236454613872881e-76,5.013901157426757e-36,6.73552153517223e-23,1.0
7.448365276983309e-67,4.982065454045439e-40,3.454005755594642e-21,1.0
1.7525720946627516e-83,5.227029434435362e-25,2.1710851418915705e-16,1.0
5.594055424024174e-10,1.3387910157323913e-34,0.00011417072869028499,0.9998858287118981
3.017016156456564e-50,2.143618485977118e-23,2.1985770300548394e-24,1.0
1.8181421039120064e-155,4.0953237870745836e-10,4.515409179237922e-19,0.9999999995904716
1.0042066965231612e-47,1.0015598318409332e-23,6.535586346442736e-13,0.9999999999993463
3.655714989412441e-18,8.679596413945431e-40,1.0,1.3710206869463599e-15
4.497348723572195e-92,5.348605137219062e-32,1.0,9.322695833269207e-41
1.0614316987811622e-90,2.7217375697602393e-10,5.444510665806322e-12,0.9999999997223767
1.3984900223827505e-05,1.601577025011407e-16,0.9999857104379746,3.0466180519376473e-07
3.1021833277136e-33,7.038160018558647e-17,0.9869018527225664,0.013098147277428711
5.930026351683996e-92,9.305751379641692e-54,3.0348546881889106e-29,1.0
7.270529905399039e-72,9.325566763011842e-65,2.3349045352170353e-18,1.0
4.429833755196023e-61,1.2647973318384179e-51,7.986483573961493e-07,0.9999992013516482
5.4476764345756746e-46,5.31036785755882e-30,7.564619801594599e-19,1.0
4.297442761165092e-73,8.138100833694215e-49,5.640556497728345e-20,1.0
2.3788078533703755e-240,9.538207420113987e-16,3.2358093379217234e-10,0.9999999996764188
5.179913343868398e-38,2.9172793942602776e-14,0.9997433477677073,0.000256652232270013
2.170779789199047e-45,0.0,2.6916939850219065e-38,1.0
8.882960220846004e-18,1.64252613890507e-53,1.7559034049309998e-19,1.0
4.193057650431712e-57,2.3237572986723075e-50,5.185015662263014e-44,1.0
6.764690775799499e-278,0.0,3.4099324974483845e-63,1.0
2.928641918842693e-84,5.446788785200905e-139,8.444542067247325e-21,1.0
7.340858759799202e-57,1.336682730778652e-19,0.0014345699317907183,0.9985654300682032
5.580771857389561e-97,3.723426559866799e-23,1.736030660733744e-26,1.0
1.0826518778741208e-103,2.8188430564337697e-22,1.0312522032597674e-28,1.0
1.8891838799105488e-86,1.1085089456493442e-21,4.3453169424351114e-30,1.0
4.097629499446197e-66,4.1096830490155826e-14,1.076784514795675e-24,0.9999999999999574
1.2626667414497471e-104,6.478839823644752e-21,3.622773047161558e-29,1.0
1.4286730073274616e-68,8.414169984159396e-33,4.5317581483866993e-33,1.0
4.855369114095876e-103,2.7294224636671408e-34,2.1850344447655458e-33,1.0
1.5168959741837505e-96,1.6152576432426934e-27,5.017822198409389e-30,1.0
5.0371709311885756e-67,3.0355628276918986e-24,2.2016002918133955e-32,1.0
1.4544616357324325e-48,3.031523699547316e-20,8.173380759327468e-24,1.0
5.979328221031325e-181,5.489894032022296e-11,7.49661926534981e-19,0.9999999999451035
6.813677908149664e-111,4.825683130274989e-53,4.322083289761289e-47,1.0
3.4607441841183924e-74,7.949502142817697e-07,1.6666737645800963e-18,0.9999992050497928
2.29530099282161e-92,7.848830678645068e-38,7.701900547595073e-38,1.0
1.6192671271672896e-59,2.2983949830497506e-22,5.458452476129416e-24,1.0
1.320341865010281e-65,8.079799760135151e-24,3.865139399719022e-24,1.0
1.4229682475247964e-179,4.2151857487904916e-22,5.2834932502550504e-27,1.0
0.0,1.4478691188375333e-22,4.521787864095201e-24,1.0
1.4332895381383172e-74,6.738321490933503e-140,2.0272583920754805e-40,1.0
4.564127774194206e-83,2.3676258355293677e-38,2.23733801867461e-47,1.0
5.97912071252058e-50,5.204962221164495e-13,1.68583958928914e-30,0.9999999999994884
7.048795129525642e-42,1.2773011523228097e-37,2.3618571722647936e-20,1.0
6.235654191215181e-90,6.098215048464477e-17,1.8362896999739008e-25,1.0
8.580639926866535e-108,1.9297244787744047e-12,5.2600511475546226e-24,0.9999999999980673
5.023947529854668e-89,1.2706892439932844e-31,3.3701348659403144e-34,1.0
0.0,7.455565826735221e-32,8.9028686609833e-33,1.0
3.4614358201666153e-109,2.287000920523225e-16,2.9388456761450562e-24,1.0
1.2675494420355068e-164,1.314427346986342e-47,2.219820419228903e-22,1.0
2.1045135596060388e-82,2.2333736461430738e-27,1.301807808910224e-31,1.0
2.128595156839236e-55,2.264101900524314e-12,9.095425202080787e-21,0.9999999999977405
1.729616282395798e-121,5.3493164366164935e-20,2.2733152141323567e-26,1.0
3.2019854688191056e-144,1.6366279189948537e-29,2.104670105909847e-32,1.0
1.6418484368747745e-99,8.544249849797247e-10,1.2779237716418672e-13,0.9999999991454445
4.866791535680511e-61,5.964792414009462e-30,8.710510692152899e-15,0.9999999999999858
1.1646472317155417e-164,2.1897494313189988e-38,1.1172893058465935e-27,1.0
4.483873087553603e-134,1.606793911392414e-47,1.4261390306180869e-31,1.0
9.265018875579896e-209,6.88657013339435e-13,3.589420572706079e-17,0.9999999999993179
1.959506326752236e-160,5.292543989820762e-30,1.7381496947325853e-33,1.0
2.004937520182027e-136,4.599808203326749e-18,6.728087901068222e-27,1.0
1.0018092911186814e-227,6.455688465489792e-218,9.003278496794597e-203,1.0
4.9757631570639465e-167,5.506225073059021e-168,5.665521254123297e-155,1.0
1.7134573433577235e-39,5.702362704256478e-13,4.815161560619639e-12,0.9999999999946141
1.1791517428392189e-139,5.971415273473163e-54,1.2224129202312513e-58,1.0
7.749874682723772e-92,2.2229308764299774e-39,7.454847437137406e-43,1.0
0.0,1.3142492521908641e-176,4.2622885468868097e-169,1.0
1.933549254917028e-124,7.595086217430117e-35,6.112863854511652e-34,1.0
3.2295801307534393e-35,4.5644126743971324e-30,1.8940877745129926e-25,1.0
2.9930763621992686e-38,2.8847519466938755e-12,3.923101099065453e-14,0.9999999999970726
7.3107513406517055e-62,4.672409787960191e-40,2.216571525111435e-30,1.0
2.056585126876526e-57,1.314848947441206e-25,3.611907241646026e-33,1.0
1.7168806801472777e-94,1.1458512694157783e-46,1.7192309753973486e-40,1.0
3.534447315486908e-54,8.023819039949904e-24,2.599251890376704e-26,1.0
4.2581518215734684e-172,1.225405854187566e-06,5.431254153405171e-13,0.9999987745936044
2.5727185867254117e-105,1.4941493678716542e-15,3.4634445398398315e-22,1.0
1.8495268812262384e-58,5.869532578850301e-22,3.2404627840828826e-24,1.0
1.736449728041022e-21,5.044566441160666e-21,5.766798591386069e-18,1.0
2.7647451243042253e-41,1.7112198141216258e-35,2.7182777342567295e-32,1.0
2.6312514572592594e-32,1.0961806333609362e-28,2.0351480263856021e-25,1.0
1.414167433958802e-52,6.341453048647487e-49,1.9760224928666895e-47,1.0
2.9156538775826613e-165,1.4782483982665184e-167,6.709087570668734e-156,1.0
5.411455405909266e-69,1.2514304609138277e-80,1.0327535963125228e-64,1.0
6.726054277064778e-77,4.11526954318452e-14,3.373028551307225e-15,0.9999999999999574
9.955013611078644e-58,2.565488229922319e-16,7.564082627650677e-18,1.0
9.878198287584708e-53,2.0578504546200914e-25,2.165256427979508e-25,1.0
1.2295769751601664e-40,8.87026704951742e-28,3.936209115536783e-19,1.0
1.4488449327365567e-28,2.945475532447717e-05,4.219024267839889e-06,0.9999663262204064
1.9086794462401325e-52,5.2284257693369e-35,2.4741619640893612e-33,1.0
1.7243953788642455e-34,2.1494039236900304e-27,2.262241913031658e-22,1.0
2.0260296571767494e-38,4.550834885988045e-06,7.6162787224667e-08,0.9999953730023246
1.1764547315636616e-37,7.151642211677383e-15,2.7917905194410933e-09,0.9999999972082065
1.9272709492503827e-23,2.397127444404648e-31,1.0,7.837451003745342e-60
2.880416793668783e-55,0.0007065604241174697,5.675640891167146e-12,0.9992934395702134
2.1555103542890534e-29,2.085618376567058e-34,1.4560520353797325e-21,1.0
3.64237819052827e-17,4.85253171430881e-19,1.5152881450350597e-11,0.9999999999848512
4.735121811040394e-22,1.461659650132094e-14,0.9999921098416195,7.890158372328238e-06
3.2503121120962853e-63,8.253572155057985e-49,1.5267147419812257e-32,1.0
9.781498632378249e-63,3.494559674459768e-38,2.833612962628359e-34,1.0
1.0645897586704986e-31,4.785205643188131e-13,0.005174204401804311,0.9948257955977124
5.0262788243186476e-29,1.0722148954721856e-33,8.508981211005085e-31,1.0
3.276675467030139e-83,1.240381533180152e-28,4.255946851248207e-33,1.0
5.69203170053633e-47,4.168295909853351e-37,3.8471295498961926e-13,0.9999999999996163
2.686659595400696e-94,2.0240225680109155e-12,1.5166804503347794e-16,0.9999999999979821
8.15992147631169e-70,9.072564788838121e-24,7.467539964152961e-15,0.9999999999999858
4.105045687027422e-61,5.870601791362993e-44,1.914169542722293e-33,1.0
9.334508566420645e-141,7.089313524008105e-07,4.430674817723337e-11,0.9999992910243476
1.582053346046152e-99,2.7575699349554294e-71,6.570057777040009e-59,1.0
6.030108754291133e-68,3.1205618155652167e-12,3.667095747557008e-15,0.9999999999968736
7.156469630386474e-144,1.363113980222045e-79,3.426755376470925e-81,1.0
5.8729749046274774e-67,7.237532513284755e-17,5.6309430137244555e-19,1.0
3.245334288319069e-56,9.626956354553357e-07,1.1997659753400323e-06,0.9999978375383951
5.2796461021889e-200,0.0009784885553198424,3.144846213715793e-08,0.999021479996224
1.5270840387679928e-81,0.0030780766799542174,1.7745489723569813e-07,0.9969217458651546
1.7055036133363592e-155,5.19990855483158e-10,1.156303025359878e-13,0.9999999994798969
1.547392729256367e-82,4.1294341207555645e-28,4.63396937594022e-28,1.0
8.806766480647386e-85,1.1967133673593541e-32,2.014558930448302e-36,1.0
8.898879013400835e-127,2.5683495568055977e-08,8.187836613002762e-13,0.9999999743156852
3.970105787563616e-43,9.442640851044824e-42,3.2589035534830033e-35,1.0
6.347511272028094e-57,4.528733474525736e-53,1.3242510075753862e-49,1.0
3.4481950892829125e-212,5.693333607411186e-08,8.06874212967183e-15,0.9999999430666565
1.6339177461639366e-103,6.051899366437944e-109,1.0289620195128645e-94,1.0
1.0774564655762106e-19,1.2336352596900124e-22,2.8927203187750325e-16,1.0
3.4833536890528478e-118,1.3851076766367683e-118,2.1278465325001353e-109,1.0
2.83952209031854e-39,4.617147892567931e-40,5.734054178570962e-23,1.0
1.2049887731652276e-101,4.995335621679874e-76,4.451844728571324e-70,1.0
2.7107409752489685e-84,6.262410167836894e-39,4.233658680539356e-32,1.0
7.55364755547299e-33,2.4594636151210515e-16,7.331132765966531e-13,0.999999999999261
3.0113538502678173e-17,3.71324840300073e-12,1.09816552442758e-05,0.9999890183410423
2.9118693380679887e-35,6.934054995719623e-13,2.616988211300383e-07,0.9999997383004797
7.388044930760679e-36,1.2992610203980389e-08,5.969281712142368e-08,0.9999999273145788
5.955456565628796e-71,1.4571663840506733e-50,2.0764097981955822e-45,1.0
7.362321888299328e-69,5.562165775656641e-56,1.9355693371868787e-48,1.0
2.6560723161731647e-89,4.312325777389056e-15,0.43430901764131324,0.5656909823586849
2.6743497599084515e-21,2.9373166372463783e-47,3.5664210742892587e-12,0.9999999999964331
4.831771419588756e-63,1.096489892814905e-15,1.0094362495768703e-18,1.0
9.612291480273978e-120,3.1504545591893536e-29,9.406197765408077e-29,1.0
1.1193195800814303e-41,1.7674664741058405e-34,3.3519793528763753e-25,1.0
1.0668297751946125e-66,7.984318269006944e-16,4.305014967896665e-18,1.0
1.3760044154366932e-63,8.654987872626132e-15,2.780639121640537e-21,0.9999999999999858
5.411680271527539e-59,1.0381839520294528e-30,9.656805035195608e-28,1.0
3.4493441387089577e-115,5.514214784908003e-19,6.290673793455205e-23,1.0
2.4755109400027544e-34,1.4365815499197056e-35,3.323231376595575e-31,1.0
3.4357515747670843e-35,9.588584813812631e-06,7.90368916579396e-08,0.9999903323782953
1.6525698711556328e-51,1.573220993461405e-23,8.208367800786285e-25,1.0
3.858377491264607e-100,4.0381078320478524e-25,4.778566520812369e-19,1.0
2.9970443090796395e-78,1.3027640124567707e-32,1.7367742900595017e-25,1.0
1.0961376241369502e-27,8.590818270402853e-27,9.539679912978278e-19,1.0
4.52362977870735e-40,1.8334810862106773e-13,1.9148402742204548e-17,0.9999999999998153
1.973957133094913e-78,2.9415595945350263e-91,4.50725298558856e-75,1.0
5.61727448755783e-69,2.2793001020198553e-54,6.79082667428247e-53,1.0
9.719151670564855e-144,8.399238193992244e-120,4.371100082719608e-106,1.0
3.7376332787273835e-27,1.607930168010556e-21,1.1773763378103232e-21,1.0
6.040376616971079e-35,3.9550904507936643e-23,1.955880322845674e-18,1.0
1.5167854385286358e-24,1.0298209797612695e-41,4.93014492613093e-21,1.0
6.569251636109588e-225,6.293983081820485e-27,2.7058516959203806e-18,1.0
3.483949731494343e-239,4.198776581887571e-46,7.400045005144008e-29,1.0
8.773018554865502e-108,1.5950323200060294e-13,1.5720609149511187e-10,0.999999999842629
5.230623741980315e-21,1.4169301967572757e-13,3.1204718573115736e-07,0.9999996879526724
3.203061157270728e-14,7.03057814444745e-17,4.052116620638857e-10,0.9999999995947633
1.4110875734239665e-67,1.4337527485532541e-24,7.207226669012565e-27,1.0
1.2681837718660388e-132,5.947616341021674e-128,2.735550112058583e-116,1.0
3.9950079856506476e-62,4.257267691001173e-60,2.1711110765201713e-47,1.0
1.6734935458221717e-61,2.455231676546052e-59,6.502602851454303e-51,1.0
8.302350809702952e-72,2.2002063249452516e-78,7.301130561115652e-65,1.0
3.83298311624125e-113,1.6405023872762492e-25,4.080902457498775e-26,1.0
1.729721130911173e-100,4.578622080796147e-47,7.97195762621219e-45,1.0
0.0,2.2311477453033e-56,1.967805247096469e-50,1.0
1.2564125030241168e-121,2.3352338075992372e-29,1.328281590600372e-23,1.0
2.2410675901515564e-240,3.5319027624764016e-14,9.842348369696558e-20,0.9999999999999716
6.229013932875289e-210,6.317467368336068e-32,1.3422554033479833e-36,1.0
4.068757457284796e-72,8.717657958872709e-25,5.954342141793056e-32,1.0
1.456325329434878e-183,1.9791706505365303e-40,2.2993902621331456e-32,1.0
1.641484522684188e-87,1.1614024730030722e-37,8.033786907090247e-36,1.0
0.0,3.9423275795293964e-31,5.532850490096099e-40,1.0
1.1229288622583896e-117,3.5574979922500877e-25,3.279317482672189e-25,1.0
1.7068274985684736e-244,5.042737623472046e-84,3.050127295491678e-73,1.0
4.544402744427609e-308,4.1869813389571755e-45,9.690548204704637e-43,1.0
9.656622857035565e-200,1.41591695590827e-26,5.428081603816886e-32,1.0
1.813126838262542e-101,2.1190303463456283e-37,1.3865239807742358e-35,1.0
8.381275714649921e-60,2.66264759877455e-37,2.539160531226965e-38,1.0
3.0253646293711947e-85,1.7711688454217883e-16,4.055044549255997e-24,1.0
2.7062354287942003e-67,5.933414654835044e-23,2.177943915877772e-29,1.0
0.0,1.0612577387649755e-09,2.4138683577078075e-19,0.9999999989387476
3.7228456806105433e-206,7.034289483899177e-26,3.445315057225668e-31,1.0
4.002851515570515e-80,4.05699487461736e-18,2.285468767172783e-24,1.0
5.434900312177185e-127,1.2304835963015819e-13,5.446386411892715e-25,0.9999999999998721
7.343642769527766e-111,8.800168596143455e-18,1.5556327415014196e-29,1.0
3.3927280543363253e-96,4.937100100593244e-33,3.1072530916418777e-32,1.0
7.705762632191365e-287,1.0189650227280191e-18,3.0463320523276967e-23,1.0
2.4392217720242356e-160,4.7691387958835655e-15,2.037881714961654e-24,1.0
7.813122944022598e-116,2.2329498687815314e-16,7.325907475051343e-24,1.0
3.584522446740947e-125,2.667363795638678e-16,5.3764031377833955e-24,1.0
4.607654513903194e-243,1.2590940425027307e-16,3.440125039371088e-27,1.0
0.0,1.2207454573585928e-14,7.0136799572935e-27,0.9999999999999858
1.399219021658487e-65,1.1915756906814859e-31,2.5024923992972682e-36,1.0
6.298614164688829e-96,3.2925039246551226e-11,5.649181257356024e-13,0.999999999966505
1.1239444410114479e-93,4.321212119931772e-24,1.493085239235801e-26,1.0
1.9476268968727705e-158,2.0048746552893015e-15,2.8750609356208725e-24,1.0
7.068676469163225e-103,1.7148105490418515e-19,2.1641855094933967e-27,1.0
8.10147486755211e-32,1.2698019181622606e-18,5.0085851553169386e-18,1.0
4.1764708228625087e-69,8.58460431592572e-32,3.8792673108939194e-30,1.0
1.3154801804254438e-79,8.421238200756924e-17,5.79954200396309e-24,1.0
9.055297252370859e-74,2.359128708708568e-19,4.370859077837635e-22,1.0
8.255544166925117e-63,2.357390237425014e-15,1.014905887688703e-21,1.0
3.3023111541798866e-115,4.9399757562926626e-14,9.721462272922968e-19,0.9999999999999574
1.3973140911934017e-63,2.138552018282661e-24,7.095910317226918e-26,1.0
1.0,3.7716652307188653e-160,4.215212831213737e-40,1.171470529855343e-37
0.9999995926240336,6.50223987675333e-17,2.158438838024284e-22,4.0737595965877187e-07
1.0,7.567390350271171e-44,2.2375784003392617e-37,1.2997351768529844e-22
1.0,6.0077181827361276e-80,5.700925331514002e-33,8.836494036563016e-26
1.0,0.0,6.978827981770535e-88,2.861907943464268e-80
1.0,1.6555415927858733e-94,2.378367711537984e-44,3.5859210007574973e-53
0.9909440328037018,1.5329523165144527e-16,1.6473298615500676e-19,0.009055967196292588
1.0,6.212765161272164e-40,1.0970856966929189e-29,3.2290382700563492e-21
1.0,9.790361159709151e-29,1.1501567983396738e-29,2.4373415223524766e-40
1.0,4.354244151951961e-19,8.16219386022281e-23,1.6344570783767501e-15
1.0,1.588794930993967e-33,9.457480744891097e-37,2.4602838249636746e-20
1.0,5.026983510062745e-22,9.616702375458029e-23,1.4185197283571174e-17
0.9999997369773359,1.1712923146741132e-17,2.886197058792269e-20,2.63022659005331e-07
1.0,5.379683741036594e-41,1.6026822612128993e-18,2.9833109368399314e-23
1.0,1.806101148652608e-129,1.1076497210699548e-39,6.914164944950552e-16
0.9999999955089436,7.102215500661885e-16,9.826383493297076e-13,4.4900743047982395e-09
1.0,1.4254102812485253e-45,1.0595822289404598e-29,3.9306470302895714e-29
1.0,2.483960864988199e-50,5.896027346026391e-32,5.3918222879019594e-34
1.0,2.8086056203671336e-93,4.423232461580162e-30,4.276569735692653e-38
1.0,0.0,8.731658656468857e-48,7.115368285726748e-31
0.9999999622454687,4.2663798459804273e-14,1.2286838348680213e-18,3.775449541098143e-08
1.0,1.6838093407700202e-31,8.95740381475072e-27,2.165316018146579e-29
1.0,3.6691504348062327e-91,7.124643902469219e-32,2.2515957825966628e-23
0.9999999999997868,3.8875396926520964e-23,6.710126523036757e-28,2.18798635169879e-13
1.0,1.7241882308319489e-44,2.3658210732636842e-27,7.790120715282897e-20
0.0009683567267519407,2.0405950877594023e-26,2.598258091781763e-35,0.9990316432732617
0.9999996504878126,5.077480234615937e-28,8.104970243334131e-29,3.495121812794623e-07
1.0,8.79570045564443e-39,4.268519211663977e-28,1.0701299326013768e-36
1.0,3.8242913405611874e-33,6.482895643230832e-29,2.844848757263176e-26
1.0,3.3818567495333025e-22,2.29813203193425e-24,2.424658409614002e-29
1.0,3.886611989218677e-114,1.9711044781363e-36,1.0867692105358168e-53
1.0,7.815679920860757e-80,1.2951447877823498e-35,8.920830157880465e-50
1.0,1.4610157476399642e-57,3.8411427798545725e-23,8.071300291317113e-30
1.0,1.5729967885409236e-49,1.3010195085075216e-19,1.2281359468207879e-24
1.0,3.395797861025449e-58,1.6040963917035873e-19,5.753582422861458e-30
1.0,3.836217861712712e-21,1.8442091893201034e-21,9.056709529640855e-25
1.0,2.890176519858795e-45,2.216001427622491e-35,1.1755292048021553e-16
1.0,7.969856899573884e-38,8.535691514935296e-30,6.786613936612096e-18
1.0,3.63855091766484e-24,6.933017369794923e-23,3.112542896671281e-25
1.0,1.0912414598417307e-258,3.450724147697434e-39,2.041006325367925e-38
1.0,2.4201992465492703e-41,2.6961832540018104e-27,8.209559762366617e-23
0.9999999999998437,2.3783399341037198e-29,8.659858686061826e-25,1.6270198217561077e-13
1.0,2.90956476012916e-18,2.9299012901944666e-21,4.80387766440468e-16
0.9999999999884324,1.3381468239590938e-23,2.1425533057825297e-30,1.1573944007111048e-11
1.0,6.088641540758633e-23,3.0372940324645355e-35,1.9470404207160625e-25
0.9999999999999432,4.731231941007405e-16,2.7171366094840826e-22,5.2368596967185496e-14
1.0,4.8509341559900834e-86,6.314137971149878e-31,1.7005014851659303e-17
1.0,2.093589374653984e-36,7.712328750505443e-21,9.197731202990927e-29
1.0,5.356351485150038e-124,5.44159734419741e-32,2.251330412140889e-28
1.0,9.973819524632346e-33,1.2465717779528033e-32,2.1217016647258534e-36
1.0,4.288141978184029e-48,1.6567817225323168e-34,3.400673478832068e-33
1.0,1.8599348600230062e-35,2.0128606492246753e-25,3.657745749695146e-20
1.0,1.7516185616747888e-26,6.588631676658272e-34,2.289339911812726e-21
1.0,2.445372134639237e-88,8.071184079699552e-35,2.6966872263505808e-33
1.0,3.2783052315946486e-20,1.1271411254616822e-21,2.5098930887582794e-15
1.0,3.799768476479316e-96,1.4954296177590517e-23,4.907777592007916e-26
1.0,1.041109110373168e-62,2.843637741756004e-18,2.5622223952492453e-28
1.0,4.734871208986148e-294,3.430369684851736e-35,8.781639966068731e-21
1.0,1.739132766251666e-190,2.5434508329113628e-31,3.9635068609804695e-39
1.0,4.0347952699838604e-222,1.251061173913148e-25,7.39780346098861e-40
1.0,1.0635970974143856e-81,1.1847044313331336e-17,1.984711338799953e-30
1.0,3.526895002696031e-90,1.5141725977108328e-21,2.8418046376333012e-33
1.0,3.0533245473861936e-190,1.4855544955304536e-26,9.116386525228929e-26
1.0,3.7212272955376596e-90,5.924427098667595e-19,3.081365576996774e-35
0.9999999999999858,3.8417996412148506e-46,1.33232763887364e-14,9.66874153063437e-49
1.0,4.404680239364154e-63,8.614072966783574e-18,3.963031897613322e-37
0.9999999999827907,4.2720961872777036e-45,1.7210688604754012e-11,1.6481113494136272e-33
1.0,1.1887176773700095e-120,5.096676402299973e-20,5.043980896415011e-49
1.0,1.800255020654755e-55,1.7625719031700752e-15,1.123732816713011e-18
0.9999999999288605,1.216737293388836e-66,7.113918617105309e-11,9.913610479573696e-40
1.0,2.390455365908335e-45,1.0638352724525863e-17,4.240744697120637e-28
0.9999999999992468,4.369585813810715e-82,7.550329793786227e-13,1.0663905632396064e-28
0.9999999999999716,8.874385963782528e-69,3.26194182889661e-14,1.713692534640516e-30
0.999999999999929,1.1146060842605537e-31,4.685083821035944e-14,1.8834403599992783e-14
1.0,4.358958830527282e-47,1.461458432860508e-18,9.506968567834377e-27
0.9999999976578522,3.480442152367068e-45,2.3421439101135336e-09,2.374154252508847e-25
0.999999996821785,7.0293005315959965e-37,3.1782103785952657e-09,2.5243013669532006e-37
0.9999999988015986,1.7367639723550255e-46,1.1984047063675615e-09,2.5600540375385707e-19
0.9999985115726694,1.892330303337339e-33,1.488427324251491e-06,2.0248625146010194e-25
0.9999999996504698,4.7888456343418466e-88,3.495303791721832e-10,1.421639673607986e-47
1.0,1.982153616079515e-124,3.463187508503201e-20,1.5313973973856464e-18
1.0,3.8684597421757036e-91,9.30160795962132e-19,4.7660428914616977e-35
0.9999999999667466,3.2082008610124226e-50,3.324707398135421e-11,1.0550552197064277e-25
0.9999999999999716,1.5155565109024837e-32,2.514473715088571e-14,3.5450675597260694e-19
0.9999999938842308,2.1883853723157655e-37,6.115762197319361e-09,1.070959718300384e-38
1.0,3.7683363660889535e-151,1.0484295464303752e-17,2.5092497028452254e-43
0.9999999999979252,2.3719347851646357e-49,2.0751647439204476e-12,1.619695676309661e-40
0.999998104877866,1.7206773596252023e-28,1.8951221368565785e-06,2.580650089626864e-25
0.9999999977153209,1.912251015885115e-43,2.2846859571013545e-09,8.293867778442376e-23
1.0,1.0470932453540303e-43,2.0401492932926162e-20,4.223561197676495e-15
1.0,1.0691579682420049e-44,1.7128514163621198e-17,3.67850623763149e-29
0.9999999770939925,9.77747885336948e-34,2.2906001396524092e-08,1.7045339362911476e-34
1.0,1.2572903034753515e-156,3.438183036337992e-17,6.690675190125773e-28
1.0,0.0,2.362568390620756e-72,1.0448558330925274e-48
1.0,2.2031202073653956e-143,1.4293199738470537e-20,4.6796798348331606e-32
1.0,2.841099437051908e-51,1.6642640922301296e-20,1.197770525717275e-22
0.9999999958939583,2.345293708368906e-48,4.106045869656155e-09,2.035964508883165e-24
1.0,1.480784762504796e-93,5.203442004624198e-19,1.3705161070027904e-47
0.9999999993447943,2.269153931202061e-27,6.551999678711354e-10,7.761234348883096e-21
0.9999999999999858,1.6145197927657327e-75,1.9840144787168953e-14,9.522616778104989e-22
0.9999999997571081,2.171745937477661e-199,7.311748054425222e-26,2.428973207397289e-10
0.999999999999801,1.2541869826470418e-77,1.9839454821185375e-13,2.4351723478860056e-137
1.0,2.9093511008163746e-133,5.843006231494843e-20,9.151655550253003e-31
0.999999999999531,4.202150545560735e-102,2.560989796805729e-16,4.681178849277889e-13
0.9999999999979394,2.1840390044269048e-47,2.0623159069604665e-12,3.844934566441205e-26
1.0,1.719e-320,4.625975939747522e-41,1.7341666117406263e-19
0.999999999999801,1.2254289727506895e-96,1.9861311316818806e-13,7.092746728814718e-34
0.9999999985080024,6.0697509822487e-44,1.4919956913531178e-09,1.974495578149029e-39
0.9999880292077272,6.402731997121296e-33,1.1970792273641924e-05,2.2345497707340504e-44
1.0,6.877657752442777e-263,1.2081925743877586e-37,1.0101955221348158e-30
1.0,1.8897535074611874e-136,3.8400854525934434e-25,1.1721058579258057e-29
1.0,3.509619325391127e-142,2.0626648287541388e-26,8.606554698939627e-22
0.9999999999999858,2.1337545110045625e-50,1.045367647363646e-14,5.925907768992588e-44
1.0,6.455152136813114e-204,1.5584863100115771e-24,3.0039128149867637e-46
0.9999999999992326,1.8068939632719293e-64,7.671489735926592e-13,2.663569966661911e-38
0.9999999999948272,1.184764802292729e-41,5.175053066457199e-12,1.5344060267407435e-38
0.9981616655607584,5.642817215928097e-25,0.0018383344392355937,3.1522583173932306e-23
1.0,6.101283945259255e-65,3.960922141003197e-18,8.989654576840996e-40
1.0,1.255030565455037e-138,7.142346719127336e-16,2.4119057975676228e-64
0.9999999999917151,1.7001504815699524e-59,8.28095684902014e-12,2.96886690880266e-40
0.9999999999952678,4.6287773801045684e-42,4.727664912125466e-12,2.7861005210412883e-50
1.0,3.3317401126526195e-195,2.295637603542157e-30,2.154542289875791e-49
0.8369041471071512,1.0844798059426592e-39,0.16309585289284317,1.3175093675665816e-49
0.9999999999989768,7.335103883549423e-58,1.0267667187035836e-12,1.284397983073286e-33
0.9999999999999716,8.817521753513923e-92,3.2967150694016284e-14,5.442446360161257e-51
1.0,5.654641984742134e-114,1.6138544702745232e-17,5.825939751502283e-40
1.0,7.016725509745784e-161,8.139433101435521e-31,2.9556420906244966e-37
0.9999976339335315,2.9722431835579018e-37,2.366066473095163e-06,3.903641370384325e-32
6.692399626176458e-06,1.4107408930164632e-21,0.999993307600375,5.7963424879955364e-27
1.0,1.3812142458410112e-61,4.994064339078501e-21,4.122303967070752e-21
1.0,3.0616689641212086e-271,1.5391764658539135e-35,9.876320344925433e-45
0.9999999999707825,2.7013067435826535e-69,2.922016768468439e-11,2.2946587421778833e-44
1.0,9.251424378445856e-146,9.170972725977567e-20,6.494415931100113e-36
0.9999999999992752,5.747684298626023e-70,7.252274987989163e-13,3.853915027218203e-44
1.0,3.3089027167786846e-89,3.4393505455221355e-19,2.6711832544727947e-46
0.9999999999902371,2.8530127728985012e-39,9.765224803248477e-12,1.968539154793048e-37
0.9999998052428983,6.886546837667701e-31,1.9475710071790274e-07,2.5996434728266338e-19
0.9999999642089967,3.147768959605769e-51,3.579100396383772e-08,2.2689140327588158e-32
1.0,3.679112100124238e-105,3.4332010727971034e-17,1.3417136627840494e-41
0.9999999999866702,6.302533960940709e-40,1.3330034610693928e-11,1.648296698121077e-17
0.9999999999993889,1.686213787978585e-35,6.102768865316662e-13,7.009622990823371e-52
1.0,1.1099859191641828e-72,9.5916070634402e-16,6.865827114291683e-36
0.9999999999997584,2.383365902107065e-35,2.0312287199355518e-13,4.488514413856241e-14
1.0,1.380855218533509e-53,4.1440956142915037e-17,1.2472929250761098e-19
1.0,6.85942280474743e-176,3.821525817095697e-20,1.3828029655683642e-36
0.9999999999997726,6.610171282633616e-47,2.2476563468301726e-13,4.30557275835621e-24
1.0,1.9442419377540084e-97,5.591787629383086e-15,1.7316438086370249e-22
1.0,8.47384391735612e-167,2.734028238194109e-22,5.359220605497429e-31
1.0,2.2696876182656887e-272,3.971627907091665e-31,5.22212451311072e-19
1.0,5.743455701466164e-77,2.0414031763420126e-16,3.8877648521742606e-25
1.0,2.439363208740068e-93,3.880666365452505e-19,1.4509195979932312e-59
0.9999999999636486,8.142148008608197e-88,3.635542272739386e-11,6.0974963244816155e-24
0.9999999528655377,1.5273964627437283e-44,4.7134455694273546e-08,4.1012097428877316e-27
0.9999999998502744,2.3049734564110947e-54,1.4972586344892535e-10,7.096262522984427e-35
1.9810350743705386e-10,2.158432857232601e-24,0.9999999998019007,3.7431262949468486e-37
0.999994643691955,3.121134190103842e-64,5.3563080463127055e-06,5.5678475574467785e-43
0.9999947834975904,2.442164853605169e-50,5.216502403098995e-06,3.3328935064946118e-50
0.999999976991788,9.640269963494566e-55,2.300821420005717e-08,9.120031627092307e-33
0.9984455099012398,1.388584558326532e-44,0.0015544900987582474,2.93700631100149e-48
0.9999999999997158,9.69317067653948e-117,2.8968308939660806e-13,4.3653460404053615e-47
0.9999999999996163,5.153205734582318e-52,3.9036035413608286e-13,2.0228075484181694e-27
0.999999719099787,2.4999291562122114e-67,2.809002156567455e-07,4.880497772665223e-38
0.9999999819239492,8.198189706160916e-63,1.8076055822923756e-08,6.473237382828444e-34
0.999999999260794,7.672961122136455e-55,7.392077609526505e-10,2.1574856170200734e-34
1.0,1.0575058451633099e-173,1.7647586356246806e-23,2.8946976317281213e-22
0.9999999999851923,2.066646404196376e-37,1.4814383364323237e-11,1.3860382813143502e-34
0.9999999999999716,2.2314380731028125e-57,2.4433934714317555e-14,1.9492385874525312e-19
0.9999999997790354,1.8853613256323045e-106,2.209623880703693e-10,9.952229804234108e-29
0.9999999994992663,1.2253800313513364e-74,5.007390924478167e-10,1.058683997222212e-32
1.0,3.8828990384623793e-137,6.110216656758801e-22,1.0130440104010975e-25
0.9986001310144751,3.172646182891232e-63,0.0013998689784091843,7.121081062971745e-12
0.9999999999999147,4.246699578026544e-33,8.453566844807887e-14,2.7654421663460285e-18
0.9999999411723497,2.1753069014180676e-35,5.8827655843356263e-08,2.3852068222510537e-30
0.9999999999999574,3.5121774720964405e-121,4.791833891013699e-14,1.834527696274347e-31
0.999999999999929,1.2897448493384976e-54,6.75309617147391e-14,9.939355649605122e-26
0.9999999999988347,6.874829119825136e-55,1.1595781762351553e-12,3.5853339775720227e-38
0.9999999999993037,6.75041849470583e-60,6.917713534247422e-13,2.580692618561507e-37
1.0,3.6956754673574e-58,1.2505736663926653e-21,4.5501802237444165e-46
1.0,1.008569467464941e-86,7.113596312227472e-23,3.0992622434959375e-36
0.9999999999910472,1.0081334456244657e-52,8.948292932484004e-12,3.9327775670556754e-24
1.0,0.0,3.8011204868098306e-64,6.932908935824191e-35
0.9999905578354581,1.2967487815599883e-96,9.442164539588789e-06,1.3446370489078706e-20
0.9999999999920988,1.4268127088681514e-56,7.89752487962805e-12,2.465142182607785e-69
1.0,5.9538731984825805e-65,1.7535068787866132e-16,1.3823007755658771e-32
1.0,8.613555818781778e-160,7.220951247680792e-24,5.101091458585836e-49
1.0,9.269154733351718e-86,1.999411224265283e-18,1.534746126774564e-36
0.9999941987098585,7.308628062185946e-33,5.801288124282666e-06,2.022447143192696e-12
0.9999999999933351,1.8358956487669066e-40,6.660589143356161e-12,2.9145143827317992e-43
0.9999999998783551,1.2843643670055466e-50,1.216427338089992e-10,2.997652206695856e-48
1.0,4.39995566068327e-133,1.3624156097157646e-22,2.5503254448533484e-35
1.0,3.220513286680251e-59,1.3111034866805527e-18,8.34638815318877e-59
0.9999999999998579,3.372190602315779e-52,1.3569312399875412e-13,1.8950796480129207e-38
0.9999998737840423,4.2845079388894154e-35,1.2621595198887457e-07,3.4059257640484466e-39
0.9999999999988347,1.059619187852179e-66,1.1583114998320078e-12,1.691645391844623e-39
0.9999999991651691,8.845314203217116e-80,8.348314488367889e-10,8.93235394740211e-62
0.0017629795360966714,3.0293356911551642e-22,0.9982370204639015,3.0498975952537276e-23
0.9999999999999716,1.4258757185924979e-92,2.68152734797564e-14,4.0505683118743097e-35
0.9999999999939178,2.9346444632268284e-49,6.0886718816008714e-12,1.745861915945543e-28
1.0,0.0,7.484270497630938e-63,3.613809809495025e-49
1.0,1.5252056206886633e-176,6.769682177492059e-18,2.1884827525751445e-44
1.0,1.2697010622276889e-73,3.28104798072072e-16,3.5751309428396484e-32
0.9999999715812469,6.089301104672378e-36,2.8418760041453952e-08,1.1771130009252238e-53
1.0,5.42406525189244e-93,1.95495553505109e-15,2.8343629573632233e-55
1.0,1.9406776623983193e-37,3.243572808503713e-15,3.2830950158643266e-33
0.9999999999994742,8.35656975697881e-59,5.230892479045971e-13,1.9464248089907643e-27
0.9999999999977547,9.582657959613502e-64,2.250669469904334e-12,7.85762050434788e-29
1.0,5.977954197730355e-38,7.953531214519999e-16,4.833449375968418e-19
1.0,1.2238126579075092e-88,7.635105906988089e-19,3.523963964181073e-38
0.9999789220770323,1.593997914820938e-50,2.107792296949424e-05,2.7400127335022866e-17
1.0,3.415840529420998e-95,1.311086554488157e-15,5.3945881966018465e-36
0.9999999999969873,1.845671633687077e-38,3.0063583333379454e-12,3.3697645344873436e-19
0.9999999999999574,1.0236773629745445e-61,4.925358460799292e-14,2.4606865054223403e-36
1.0,5.534484705078438e-83,1.9854274168947183e-21,3.483698745986694e-33
1.0,4.9557018340142375e-83,5.509613092112026e-18,3.879581000683978e-21
0.9999999992669615,3.572991189116446e-33,7.330429163751607e-10,2.079804778299831e-31
0.9999999999985079,9.313348367484306e-55,5.354857659822997e-17,1.4860810439981238e-12
0.9999999999999858,6.195322358564438e-55,1.193423197663143e-14,2.0328579601812942e-31
0.9649406411505154,2.7950979466792096e-24,0.0350593588494843,6.402497170188994e-22
0.9999999999961204,3.6631517533326415e-30,3.8736813609583095e-12,4.297306599412681e-26
0.9999988282427141,4.662209053824587e-33,1.171757287484226e-06,2.866943529912937e-35
0.9999999999967031,1.6432355017739553e-30,3.3011830261114646e-12,3.290488625169701e-26
0.9999999997567102,1.1496417919499442e-38,2.43291868014701e-10,1.0584415857860495e-35
0.9999999998804014,1.5681445363438078e-42,1.1959237434270663e-10,4.2176517437127186e-39
0.999999999984027,3.6472650783667656e-54,1.5966640263494332e-11,9.721816209274717e-42
1.0,1.7392213674241291e-74,3.0929854261854527e-22,3.347576129263627e-82
1.0,2.784303935459973e-79,2.828105261653406e-20,4.542892448069286e-26
1.0,4.866740671455643e-56,3.6055516876433755e-17,3.3243438538248735e-44
1.0,9.296807734683753e-67,9.985352086284572e-22,1.927054203690863e-28
